epoch,train_total,train_reconstruction,train_preservation,train_consequence,train_selection,val_total,val_reconstruction,val_preservation,val_consequence,val_selection,epoch_seconds,best_epoch
1,0.27271097742423817,0.07432591185175083,0.02507408244938061,0.055662427470088004,0.3644755258753493,0.15898134382189932,0.06512516515480506,0.028432466693826625,0.05139254669885378,0.15578235162271037,176.04369179997593,1
2,0.13195498232301828,0.06739604660385363,0.0320297491963248,0.052035390444704004,0.09549181473416252,0.1025980541029492,0.057735525051484236,0.030705619522848646,0.04934007879850027,0.05770678036921733,186.4764101000037,2
3,0.12381961001334964,0.06162095328641904,0.029612753303671205,0.050502513490013175,0.09235120588863219,0.15974005372137637,0.07360502874126305,0.02647539711481816,0.05064036926707706,0.14142374605745883,191.41498430003412,2
4,0.37318129352218393,0.07170419156349994,0.029176357126719243,0.050141917873878734,0.5712268938889374,0.31963595063299743,0.07156423741095774,0.02890220312653361,0.0507332761545439,0.4642892373574747,181.31205120001687,2
5,0.23021664623473143,0.07377486148396054,0.028303997787470753,0.04839563141199382,0.282203718053328,0.17951766606923697,0.07311705675076793,0.027751095663454083,0.04722560559575622,0.1828105404570296,189.09979859995656,2
6,0.16461099740621207,0.07280720214586,0.030274583645970434,0.04643111352783603,0.15292531135114465,0.09829564738917995,0.07190249276322287,0.030695583067230275,0.04471228493226541,0.0226231616896552,180.08546540001407,6
7,0.10190212847413244,0.07138354872932305,0.026958603185374994,0.044858297031070735,0.03231039933256201,0.09392789529787528,0.06996086465345847,0.023547729557833155,0.04373028954944095,0.021022853658005998,209.51216879999265,7
8,0.14197844166207957,0.06995273532496916,0.027222413353219226,0.04562953048058458,0.11491063426475268,0.35966446729930673,0.07606084236019367,0.030936858641940193,0.044814856773292694,0.5369065606916273,253.54921820003074,7
9,0.24046007847866496,0.07341819761975392,0.028735128976404668,0.044298683408949824,0.3048702350339374,0.16505597765381272,0.0710671627239601,0.028245451472498274,0.04329695331083762,0.15936066846589783,253.44496420002542,7
10,0.16967345075430096,0.07014435443121034,0.026711256203015107,0.04383937295123532,0.1708379412422309,0.12243470436817891,0.06818190571424124,0.025435824007601353,0.04235081938472954,0.08139094049866136,252.55325240001548,7
11,0.12221381926053279,0.06781650147325284,0.02638733814898375,0.042660746048833874,0.08117540204847182,0.11360741265722223,0.06689127494354506,0.027198482022897617,0.041938569900151844,0.06577745514947014,254.8953948999988,7
12,0.14637305388176763,0.06983260244533822,0.031955559883971474,0.044323980581720136,0.1225690862214243,0.0823818731952358,0.066730202895564,0.03214313746304125,0.04110453845681371,0.002004269973651783,238.14169109996874,12
13,0.13817893531475517,0.06746422052383423,0.029664849731567744,0.04197971716623854,0.11277160282070572,0.20126937978171014,0.06943706376729784,0.03559339408938949,0.04590655692123078,0.23106465404098098,190.4196390999714,12
14,0.11304589870410997,0.06712229242800055,0.03383617985590889,0.042330897045699326,0.06138038123781617,0.1791006979507369,0.06990651522536535,0.030433683208114393,0.045036170732330634,0.18820042513512275,186.43510090000927,12
15,0.10080705258894611,0.06665095965805891,0.030372370039490428,0.040296839313531244,0.040044501625202795,0.10731246108944352,0.06575217734317522,0.02732084063259331,0.04007655317718918,0.05616160856710898,180.367712700041,12
16,0.15063092629047664,0.0664801415962142,0.028328794588309687,0.04782588411424611,0.1378396973013878,0.1689072875356352,0.06247506069170462,0.022262194108318638,0.04144912940022108,0.18737992112701005,184.65636580000864,12
17,0.20109697590405876,0.06948621716048266,0.02673115578001818,0.04003517794347293,0.236514983507427,0.36669611125379,0.08327951809844455,0.02860235285920066,0.04754472300410271,0.5363743550068624,179.29727659997297,12
18,0.11601215357313285,0.08153167270325326,0.03309799660802693,0.037987746358723255,0.04052666433759638,0.1023989140181928,0.08040688698356216,0.03563849756846557,0.04139751212016956,0.013169648518433443,174.69400330004282,12
19,0.12344794893586958,0.08108616679705478,0.032022315027141895,0.037299069883050144,0.05699501077871065,0.1275086051306209,0.08011240411449123,0.032443801353912095,0.03652987617093163,0.06720293051487691,236.03646420000587,12
20,0.12580418999533396,0.08074206267861096,0.03231481739596741,0.03712972826450258,0.06234643616386362,0.14483592671317022,0.0798474981978133,0.03228268561935103,0.04365138065170597,0.09960322992221729,255.35151060001226,12
